Task ID,Dataset,model_created,model_run,description,Code,Test Result,Correctness,Post,original correctness,naive correctness,annotated correctness,annotated correctness simple,naive no fsl correctness,Correctness no fsl,simple verify,complex verify,default verify,simple verify no fsl,complex verify no fsl,default verify no fsl,data file,unique_id,consistency
109,mbppplus,llama3point1-70b,meta-llama/Llama-3.3-70B-Instruct,Write a function that takes in two lists and replaces the last element of the first list with the elements of the second list.,"def replace_list(list1, list2):
    if list1:
        list1[-1:] = list2
    else:
        list1 = list2
    return list1
",,True,post,True,False,True,True,True,True,True,False,True,False,True,False,selected_pilot_75_mbpp.json,109_llama3point1-70b,0.5
109,mbppplus,llama3point1-70b,meta-llama/Llama-3.3-70B-Instruct,Write a function that takes in two lists and replaces the last element of the first list with the elements of the second list.,"def replace_list(list1, list2):
    if list1:
        list1[-1:] = list2
    else:
        list1 = list2
    return list1
",,True,post,True,False,True,True,True,True,False,False,False,True,True,True,selected_pilot_75_mbpp.json,109_llama3point1-70b,0.5
109,mbppplus,llama3point1-70b,meta-llama/Llama-3.3-70B-Instruct,Write a function that takes in two lists and replaces the last element of the first list with the elements of the second list.,"def replace_list(list1, list2):
    if list1:
        list1[-1:] = list2
    else:
        list1 = list2
    return list1
",,True,post,True,True,True,True,True,True,True,True,True,True,True,False,selected_pilot_75_mbpp.json,109_llama3point1-70b,0.5
